"PC1","PC2","group","name","condition"
-11.0090074975788,-5.50918076942911,"untreated","SRR1039508","untreated"
6.70130117909685,-2.27869504992892,"dex","SRR1039509","dex"
-7.20988086815824,-3.26473693429655,"untreated","SRR1039512","untreated"
13.9800217402311,-4.00054177240578,"dex","SRR1039513","dex"
-11.3150951626516,10.8829850346853,"untreated","SRR1039516","untreated"
5.71278186820909,14.7858657265915,"dex","SRR1039517","dex"
-8.72098390674812,-7.36541331528693,"untreated","SRR1039520","untreated"
11.8608626475997,-3.25028291992957,"dex","SRR1039521","dex"
